<?xml version="1.0" encoding="UTF-8"?>
<beans xmlns="http://www.springframework.org/schema/beans"
	xmlns:xsi="http://www.w3.org/2001/XMLSchema-instance"
	xmlns:context="http://www.springframework.org/schema/context"
	xsi:schemaLocation="http://www.springframework.org/schema/beans
	http://www.springframework.org/schema/beans/spring-beans-3.0.xml
	http://www.springframework.org/schema/context
	http://www.springframework.org/schema/context/spring-beans-3.0.xml">
	
	<bean id="emp1" class="co.edureka.Employee">
		<property name="eid" value="102"/>
		<property name="ename" value="Ratik Saxena"/>
		<property name="eaddress" value="Kaspate Wasti Wakad"/>
	</bean>
	
	<bean id="emp2" class="co.edureka.Employee">
		<property name="eid" value="103"/>
		<property name="ename" value="Saavi Saxena"/>
		<property name="eaddress" value="2 Kaspate Wasti Wakad"/>
	</bean>
	
	</beans>
	
	